pattern,press,vot,vol
12,0.02,800,0.217821782
13,0.02,1400,0.330033003
32,0.04,800,0.334323432
23,0.03,1400,0.421122112
33,0.04,1400,0.516831683
31,0.04,200,0.15049505
22,0.03,800,0.267986799
21,0.03,200,0.113861386
11,0.02,200,0.075247525
