pattern,press,vot,vol
12,0.02,800,0.248844881
13,0.02,1400,0.430033
32,0.04,800,0.403960396
23,0.03,1400,0.566666663
33,0.04,1400,0.662376238
31,0.04,200,0.210891089
22,0.03,800,0.352145218
21,0.03,200,0.144884485
11,0.02,200,0.09042904
